file,bounding_box,class_id,score,time
data/test/Deer_Test1642.jpg,[0.03357614 0.31268093 0.9160328  1.        ],0.0,0.98828125,0.16187049599999992
data/test/Deer_Test1619.jpg,[0.         0.23045641 0.85658413 1.        ],0.0,0.953125,0.176967098
data/test/Not_Deer_Train195.jpg,[0.1851789 0.2152724 1.        1.       ],0.0,0.96484375,0.16721665099999994
data/test/Not_Deer_Train187.jpg,[0.10417602 0.0554306  0.9776119  0.94704986],0.0,0.984375,0.16086863299999976
data/test/Deer_Test1601.jpg,[0. 0. 1. 1.],0.0,0.98046875,0.15983839
data/test/Not_Deer_Train203.jpg,[0.16662249 0.         1.         1.        ],0.0,0.9765625,0.1612419909999998
